species,island,calorie requirement,average sleep duration,bill_length_mm,bill_depth_mm,flipper_length_mm,body_mass_g,gender,year
ADELIE,TORGERSEN,6563,11,39.1,18.7,181.0,3750.0,male,2007.0
ADELIE,TORGERSEN,4890,14,39.5,17.4,186.0,3800.0,female,2007.0
ADELIE,TORGERSEN,7184,11,40.3,18.0,195.0,3250.0,female,2007.0
ADELIE,TORGERSEN,4169,8,46.0,19.0,198.0,992.0,male,2007.0
ADELIE,TORGERSEN,4774,8,36.7,19.3,193.0,3450.0,female,2007.0
ADELIE,TORGERSEN,4403,13,39.3,20.6,190.0,3650.0,male,2007.0
ADELIE,TORGERSEN,5071,11,38.9,17.8,181.0,3625.0,female,2007.0
ADELIE,TORGERSEN,6799,9,39.2,19.6,195.0,4675.0,male,2007.0
ADELIE,TORGERSEN,5593,8,34.1,18.1,193.0,3475.0,male,2007.0
ADELIE,TORGERSEN,6275,7,42.0,20.2,190.0,4250.0,male,2007.0
ADELIE,TORGERSEN,5135,10,37.8,17.1,186.0,3300.0,male,2007.0
ADELIE,TORGERSEN,6021,7,37.8,17.3,180.0,3700.0,male,2007.0
ADELIE,TORGERSEN,6644,12,41.1,17.6,182.0,3200.0,female,2007.0
ADELIE,TORGERSEN,4812,10,38.6,21.2,191.0,3800.0,male,2007.0
ADELIE,TORGERSEN,4615,9,34.6,21.1,198.0,4400.0,male,2007.0
ADELIE,TORGERSEN,7028,10,36.6,17.8,185.0,3700.0,female,2007.0
ADELIE,TORGERSEN,3991,12,38.7,19.0,195.0,3450.0,female,2007.0
ADELIE,TORGERSEN,5553,8,34.4,18.4,184.0,3325.0,female,2007.0
ADELIE,TORGERSEN,7133,7,46.0,21.5,194.0,4200.0,male,2007.0
ADELIE,BISCOE,4152,7,37.8,18.3,174.0,3400.0,female,2007.0
ADELIE,BISCOE,4017,12,35.9,19.2,189.0,3800.0,female,2007.0
ADELIE,BISCOE,4538,11,38.2,18.1,185.0,3950.0,male,2007.0
ADELIE,BISCOE,6703,10,38.8,17.2,180.0,3800.0,male,2007.0
ADELIE,BISCOE,5974,13,35.3,18.9,187.0,3800.0,female,2007.0
ADELIE,BISCOE,5039,8,40.6,18.6,183.0,3550.0,male,2007.0
ADELIE,BISCOE,6550,8,40.5,17.9,187.0,3200.0,female,2007.0
ADELIE,BISCOE,3900,11,37.9,18.6,172.0,3150.0,female,2007.0
ADELIE,BISCOE,5254,7,40.5,18.9,180.0,3950.0,male,2007.0
ADELIE,DREAM,5501,11,39.5,16.7,178.0,3250.0,female,2007.0
ADELIE,DREAM,3668,10,37.2,18.1,178.0,3900.0,male,2007.0
ADELIE,DREAM,6701,9,39.5,17.8,188.0,3300.0,female,2007.0
ADELIE,DREAM,6745,10,40.9,18.9,184.0,3900.0,male,2007.0
ADELIE,DREAM,4519,14,36.4,17.0,195.0,3325.0,female,2007.0
ADELIE,DREAM,4059,12,39.2,21.1,196.0,4150.0,male,2007.0
ADELIE,DREAM,6982,9,42.2,18.5,180.0,3550.0,female,2007.0
ADELIE,DREAM,5319,7,37.6,19.3,181.0,3300.0,female,2007.0
ADELIE,DREAM,4416,7,39.8,19.1,184.0,4650.0,male,2007.0
ADELIE,DREAM,6061,13,36.5,18.0,182.0,3150.0,female,2007.0
ADELIE,DREAM,3828,14,40.8,18.4,195.0,3900.0,male,2007.0
ADELIE,DREAM,4814,9,36.0,18.5,186.0,3100.0,female,2007.0
ADELIE,DREAM,7108,12,44.1,19.7,196.0,4400.0,male,2007.0
ADELIE,DREAM,3950,13,37.0,16.9,185.0,3000.0,female,2007.0
ADELIE,DREAM,5642,14,39.6,18.8,190.0,4600.0,male,2007.0
ADELIE,DREAM,6338,8,41.1,19.0,182.0,3425.0,male,2007.0
ADELIE,DREAM,5939,7,37.5,18.9,179.0,2975.0,male,2007.0
ADELIE,DREAM,4650,7,36.0,17.9,190.0,3450.0,female,2007.0
ADELIE,DREAM,5803,12,42.3,21.2,191.0,4150.0,male,2007.0
ADELIE,BISCOE,3970,8,39.6,17.7,186.0,3500.0,female,2008.0
ADELIE,BISCOE,4640,8,40.1,18.9,188.0,4300.0,male,2008.0
ADELIE,BISCOE,3573,8,35.0,17.9,190.0,3450.0,female,2008.0
ADELIE,BISCOE,5575,14,42.0,19.5,200.0,4050.0,male,2008.0
ADELIE,BISCOE,6267,9,34.5,18.1,187.0,2900.0,female,2008.0
ADELIE,BISCOE,5821,13,41.4,18.6,191.0,3700.0,male,2008.0
ADELIE,BISCOE,4840,10,39.0,17.5,186.0,3550.0,female,2008.0
ADELIE,BISCOE,6242,7,40.6,18.8,193.0,3800.0,male,2008.0
ADELIE,BISCOE,4590,10,36.5,16.6,181.0,2850.0,female,2008.0
ADELIE,BISCOE,4993,13,37.6,19.1,194.0,3750.0,male,2008.0
ADELIE,BISCOE,6695,10,35.7,16.9,185.0,3150.0,female,2008.0
ADELIE,BISCOE,3719,13,41.3,21.1,195.0,4400.0,male,2008.0
ADELIE,BISCOE,5205,7,37.6,17.0,185.0,3600.0,female,2008.0
ADELIE,BISCOE,4300,8,41.1,18.2,192.0,4050.0,male,2008.0
ADELIE,BISCOE,6395,12,36.4,17.1,184.0,2850.0,female,2008.0
ADELIE,BISCOE,6659,12,41.6,18.0,192.0,3950.0,male,2008.0
ADELIE,BISCOE,4158,7,35.5,16.2,195.0,3350.0,female,2008.0
ADELIE,BISCOE,6614,11,41.1,19.1,188.0,4100.0,male,2008.0
ADELIE,TORGERSEN,5738,10,35.9,16.6,190.0,3050.0,female,2008.0
ADELIE,TORGERSEN,4721,10,41.8,19.4,198.0,4450.0,male,2008.0
ADELIE,TORGERSEN,3767,9,33.5,19.0,190.0,3600.0,female,2008.0
ADELIE,TORGERSEN,3994,9,39.7,18.4,190.0,3900.0,male,2008.0
ADELIE,TORGERSEN,3826,13,45.8,18.9,197.0,4150.0,male,2008.0
ADELIE,TORGERSEN,4092,9,35.5,17.5,190.0,3700.0,female,2008.0
ADELIE,TORGERSEN,5402,7,42.8,18.5,195.0,4250.0,male,2008.0
ADELIE,TORGERSEN,6489,8,40.9,16.8,191.0,3700.0,female,2008.0
ADELIE,TORGERSEN,4879,10,37.2,19.4,184.0,3900.0,male,2008.0
ADELIE,TORGERSEN,7174,14,36.2,16.1,187.0,3550.0,female,2008.0
ADELIE,TORGERSEN,4755,10,42.1,19.1,195.0,4000.0,male,2008.0
ADELIE,TORGERSEN,4863,8,34.6,17.2,189.0,3200.0,female,2008.0
ADELIE,TORGERSEN,4439,14,42.9,17.6,196.0,4700.0,male,2008.0
ADELIE,TORGERSEN,4299,13,36.7,18.8,187.0,3800.0,female,2008.0
ADELIE,BISCOE,4858,13,35.1,19.0,198.0,4200.0,male,2008.0
ADELIE,DREAM,4376,10,37.3,17.8,191.0,3350.0,female,2008.0
ADELIE,DREAM,4694,8,41.3,20.3,194.0,3550.0,male,2008.0
ADELIE,DREAM,4930,13,36.3,19.5,190.0,3800.0,male,2008.0
ADELIE,DREAM,4283,10,36.9,18.6,189.0,3500.0,female,2008.0
ADELIE,DREAM,5919,9,38.3,19.2,189.0,3950.0,male,2008.0
ADELIE,DREAM,3504,12,38.9,18.8,190.0,3600.0,female,2008.0
ADELIE,DREAM,5343,14,35.7,18.0,202.0,3550.0,female,2008.0
ADELIE,DREAM,6557,11,41.1,18.1,205.0,4300.0,male,2008.0
ADELIE,DREAM,6507,11,39.6,18.1,186.0,4450.0,male,2008.0
ADELIE,DREAM,5415,13,36.2,17.3,187.0,3300.0,female,2008.0
ADELIE,DREAM,5012,10,40.8,18.9,208.0,4300.0,male,2008.0
ADELIE,DREAM,6454,9,38.1,18.6,190.0,3700.0,female,2008.0
ADELIE,DREAM,3904,13,40.3,18.5,196.0,4350.0,male,2008.0
ADELIE,DREAM,6156,8,33.1,16.1,178.0,2900.0,female,2008.0
ADELIE,DREAM,6886,8,43.2,18.5,192.0,4100.0,male,2008.0
ADELIE,BISCOE,3857,11,35.0,17.9,192.0,3725.0,female,2009.0
ADELIE,BISCOE,5231,10,41.0,20.0,203.0,4725.0,male,2009.0
ADELIE,BISCOE,6260,7,37.7,16.0,183.0,3075.0,female,2009.0
ADELIE,BISCOE,7141,8,37.8,20.0,190.0,4250.0,male,2009.0
ADELIE,BISCOE,4658,12,37.9,18.6,193.0,2925.0,female,2009.0
ADELIE,BISCOE,4957,10,39.7,18.9,184.0,3550.0,male,2009.0
ADELIE,BISCOE,6733,13,38.6,17.2,199.0,3750.0,female,2009.0
ADELIE,BISCOE,6014,10,38.2,20.0,190.0,3900.0,male,2009.0
ADELIE,BISCOE,4334,12,38.1,17.0,181.0,3175.0,female,2009.0
ADELIE,BISCOE,5010,14,43.2,19.0,197.0,4775.0,male,2009.0
ADELIE,BISCOE,6122,13,38.1,16.5,198.0,3825.0,female,2009.0
ADELIE,BISCOE,6118,14,45.6,20.3,191.0,4600.0,male,2009.0
ADELIE,BISCOE,5610,11,39.7,17.7,193.0,3200.0,female,2009.0
ADELIE,BISCOE,6019,14,42.2,19.5,197.0,4275.0,male,2009.0
ADELIE,BISCOE,4532,11,39.6,20.7,191.0,3900.0,female,2009.0
ADELIE,BISCOE,4826,11,42.7,18.3,196.0,4075.0,male,2009.0
ADELIE,TORGERSEN,4731,12,37.3,20.5,199.0,3775.0,male,2009.0
ADELIE,TORGERSEN,5299,14,35.7,17.0,189.0,3350.0,female,2009.0
ADELIE,TORGERSEN,4695,11,41.1,18.6,189.0,3325.0,male,2009.0
ADELIE,TORGERSEN,5641,13,36.2,17.2,187.0,3150.0,female,2009.0
ADELIE,TORGERSEN,4294,13,46.0,19.0,27.0,3500.0,male,2009.0
ADELIE,TORGERSEN,5584,14,40.2,17.0,176.0,3450.0,female,2009.0
ADELIE,TORGERSEN,6630,7,41.4,18.5,202.0,3875.0,male,2009.0
ADELIE,TORGERSEN,6762,14,35.2,15.9,186.0,3050.0,female,2009.0
ADELIE,TORGERSEN,4716,12,40.6,19.0,199.0,4000.0,male,2009.0
ADELIE,TORGERSEN,3717,11,38.8,17.6,191.0,3275.0,female,2009.0
ADELIE,TORGERSEN,7032,9,41.5,18.3,195.0,4300.0,male,2009.0
ADELIE,TORGERSEN,5896,7,39.0,17.1,191.0,3050.0,female,2009.0
ADELIE,TORGERSEN,3810,14,44.1,18.0,210.0,4000.0,male,2009.0
ADELIE,TORGERSEN,7056,10,38.5,17.9,190.0,3325.0,female,2009.0
ADELIE,TORGERSEN,5141,14,43.1,19.2,197.0,3500.0,male,2009.0
ADELIE,DREAM,4717,7,36.8,18.5,193.0,3500.0,female,2009.0
ADELIE,DREAM,6243,14,37.5,18.5,199.0,4475.0,male,2009.0
ADELIE,DREAM,3840,13,38.1,17.6,187.0,3425.0,female,2009.0
ADELIE,BISCOE,6605,9,46.0,19.0,190.0,4176.0,male,2009.0
ADELIE,DREAM,5764,14,35.6,17.5,191.0,3175.0,female,2009.0
ADELIE,DREAM,6985,9,40.2,20.1,200.0,3975.0,male,2009.0
ADELIE,DREAM,6156,9,37.0,16.5,185.0,3400.0,female,2009.0
ADELIE,DREAM,5040,14,39.7,17.9,193.0,4250.0,male,2009.0
ADELIE,DREAM,3997,12,40.2,17.1,193.0,3400.0,female,2009.0
ADELIE,DREAM,6844,10,40.6,17.2,187.0,3475.0,male,2009.0
ADELIE,DREAM,4667,11,32.1,15.5,188.0,3050.0,female,2009.0
ADELIE,DREAM,6062,10,40.7,17.0,190.0,3725.0,male,2009.0
ADELIE,DREAM,3648,7,37.3,16.8,192.0,3000.0,female,2009.0
ADELIE,DREAM,6856,8,39.0,18.7,185.0,3650.0,male,2009.0
ADELIE,DREAM,5755,12,39.2,18.6,190.0,4250.0,male,2009.0
ADELIE,DREAM,3859,7,36.0,17.8,195.0,3450.0,female,2009.0
ADELIE,DREAM,3563,8,37.8,18.1,193.0,3750.0,male,2009.0
ADELIE,DREAM,4315,9,36.0,17.1,187.0,3700.0,female,2009.0
ADELIE,DREAM,4060,12,41.5,18.5,201.0,4000.0,male,2009.0
GENTOO,BISCOE,6594,12,46.1,13.2,211.0,4500.0,female,2007.0
GENTOO,BISCOE,4403,11,50.0,16.3,230.0,5700.0,male,2007.0
GENTOO,BISCOE,4841,10,48.7,19.0,210.0,4450.0,male,2007.0
GENTOO,BISCOE,3916,14,50.0,15.2,218.0,5700.0,male,2007.0
GENTOO,BISCOE,4462,11,47.6,14.5,215.0,5400.0,male,2007.0
GENTOO,BISCOE,6503,8,46.5,13.5,210.0,4550.0,female,2007.0
GENTOO,BISCOE,6147,11,45.4,14.6,211.0,4800.0,female,2007.0
GENTOO,BISCOE,6033,13,46.7,15.3,219.0,5200.0,male,2007.0
GENTOO,BISCOE,6694,10,43.3,13.4,209.0,4400.0,female,2007.0
GENTOO,BISCOE,5699,7,40.9,13.7,214.0,4650.0,female,2007.0
GENTOO,BISCOE,5103,14,49.0,16.1,216.0,5550.0,male,2007.0
GENTOO,BISCOE,7157,10,45.5,13.7,214.0,4650.0,female,2007.0
GENTOO,BISCOE,6321,13,48.4,14.6,213.0,5850.0,male,2007.0
GENTOO,BISCOE,6421,11,45.8,14.6,210.0,4200.0,female,2007.0
GENTOO,BISCOE,4325,14,49.3,15.7,217.0,5850.0,male,2007.0
GENTOO,BISCOE,4709,13,42.0,13.5,210.0,4150.0,female,2007.0
GENTOO,BISCOE,3677,9,49.2,15.2,221.0,6300.0,male,2007.0
GENTOO,BISCOE,5294,13,46.2,14.5,209.0,4800.0,female,2007.0
ADELIE,BISCOE,6942,12,48.7,15.1,222.0,5350.0,male,2009.0
GENTOO,BISCOE,5014,11,50.2,14.3,218.0,5700.0,male,2007.0
ADELIE,BISCOE,7074,7,46.0,14.5,23.0,4176.0,female,2009.0
GENTOO,BISCOE,6162,9,46.5,14.5,213.0,4400.0,female,2007.0
GENTOO,BISCOE,4451,9,46.3,15.8,215.0,5050.0,male,2007.0
GENTOO,BISCOE,4452,9,42.9,13.1,215.0,5000.0,female,2007.0
GENTOO,BISCOE,4232,11,46.1,15.1,215.0,5100.0,male,2007.0
GENTOO,BISCOE,4001,13,44.5,14.3,216.0,4100.0,male,2007.0
GENTOO,BISCOE,3533,12,47.8,15.0,215.0,5650.0,male,2007.0
GENTOO,BISCOE,6475,9,48.2,14.3,210.0,4600.0,female,2007.0
GENTOO,BISCOE,5209,14,50.0,15.3,220.0,5550.0,male,2007.0
GENTOO,BISCOE,4833,12,47.3,15.3,222.0,5250.0,male,2007.0
GENTOO,BISCOE,6978,9,42.8,14.2,209.0,4700.0,female,2007.0
GENTOO,BISCOE,6690,9,45.1,14.5,207.0,5050.0,female,2007.0
GENTOO,BISCOE,6230,11,59.6,17.0,230.0,6050.0,male,2007.0
GENTOO,BISCOE,5154,14,49.1,14.8,220.0,5150.0,female,2008.0
GENTOO,BISCOE,5473,9,48.4,16.3,220.0,5400.0,male,2008.0
GENTOO,BISCOE,4787,9,42.6,13.7,213.0,4950.0,female,2008.0
GENTOO,BISCOE,4658,12,44.4,17.3,219.0,5250.0,male,2008.0
GENTOO,BISCOE,3710,7,44.0,13.6,198.0,4350.0,female,2008.0
GENTOO,BISCOE,4504,11,48.7,15.7,208.0,5350.0,male,2008.0
GENTOO,BISCOE,5046,12,42.7,13.7,208.0,3950.0,female,2008.0
ADELIE,BISCOE,6542,8,49.6,16.0,225.0,5700.0,male,2008.0
GENTOO,BISCOE,6195,11,45.3,13.7,210.0,4300.0,female,2008.0
GENTOO,BISCOE,3951,10,49.6,15.0,216.0,4750.0,male,2008.0
GENTOO,BISCOE,6445,11,50.5,15.9,222.0,5550.0,male,2008.0
GENTOO,BISCOE,6018,10,43.6,13.9,217.0,4900.0,female,2008.0
GENTOO,BISCOE,3849,11,45.5,13.9,210.0,4200.0,female,2008.0
GENTOO,BISCOE,5320,7,50.5,15.9,225.0,5400.0,male,2008.0
GENTOO,BISCOE,6705,9,44.9,13.3,213.0,5100.0,female,2008.0
GENTOO,BISCOE,7196,9,45.2,15.8,215.0,5300.0,male,2008.0
GENTOO,BISCOE,4586,14,46.6,14.2,210.0,4850.0,female,2008.0
GENTOO,BISCOE,5010,8,48.5,14.1,220.0,5300.0,male,2008.0
GENTOO,BISCOE,7048,13,45.1,14.4,210.0,4400.0,female,2008.0
GENTOO,BISCOE,6635,13,50.1,15.0,225.0,5000.0,male,2008.0
GENTOO,BISCOE,4924,9,46.5,14.4,217.0,4900.0,female,2008.0
GENTOO,BISCOE,7079,9,45.0,15.4,220.0,5050.0,male,2008.0
GENTOO,BISCOE,5341,11,43.8,13.9,208.0,4300.0,female,2008.0
GENTOO,BISCOE,6982,10,45.5,15.0,220.0,5000.0,male,2008.0
GENTOO,BISCOE,6261,13,50.4,15.3,224.0,5550.0,male,2008.0
GENTOO,BISCOE,4018,11,45.3,13.8,208.0,4200.0,female,2008.0
GENTOO,BISCOE,5288,14,46.2,14.9,221.0,5300.0,male,2008.0
GENTOO,BISCOE,6350,8,45.7,19.0,214.0,4400.0,female,2008.0
GENTOO,BISCOE,5737,13,54.3,15.7,231.0,5650.0,male,2008.0
GENTOO,BISCOE,6027,10,45.8,14.2,219.0,4700.0,female,2008.0
GENTOO,BISCOE,5679,7,49.8,16.8,230.0,5700.0,male,2008.0
GENTOO,BISCOE,6017,14,46.2,14.4,214.0,4650.0,male,2008.0
GENTOO,BISCOE,5760,9,49.5,16.2,229.0,5800.0,male,2008.0
GENTOO,BISCOE,4874,12,43.5,14.2,220.0,4700.0,female,2008.0
GENTOO,BISCOE,5404,13,50.7,15.0,223.0,5550.0,male,2008.0
GENTOO,BISCOE,5537,11,47.7,15.0,216.0,4750.0,female,2008.0
GENTOO,BISCOE,5108,7,46.4,15.6,221.0,5000.0,male,2008.0
GENTOO,BISCOE,5023,11,48.2,15.6,221.0,5100.0,male,2008.0
ADELIE,BISCOE,5924,12,46.5,14.8,217.0,5200.0,FEMALE,2008.0
GENTOO,BISCOE,7144,12,46.4,15.0,216.0,4700.0,female,2008.0
GENTOO,BISCOE,4718,12,48.6,16.0,230.0,5800.0,male,2008.0
GENTOO,BISCOE,5191,9,47.5,19.0,198.0,4176.0,female,2008.0
GENTOO,BISCOE,4082,9,51.1,16.3,220.0,6000.0,male,2008.0
GENTOO,BISCOE,6765,9,45.2,13.8,215.0,4750.0,female,2008.0
GENTOO,BISCOE,5735,11,45.2,16.4,223.0,5950.0,male,2008.0
GENTOO,BISCOE,5855,11,49.1,14.5,212.0,4625.0,female,2009.0
GENTOO,BISCOE,4372,8,52.5,15.6,221.0,5450.0,male,2009.0
GENTOO,BISCOE,4085,11,47.4,14.6,212.0,4725.0,female,2009.0
GENTOO,BISCOE,4854,8,50.0,19.0,224.0,5350.0,male,2009.0
GENTOO,BISCOE,6207,9,44.9,13.8,212.0,4750.0,female,2009.0
GENTOO,BISCOE,5825,14,50.8,17.3,228.0,5600.0,male,2009.0
GENTOO,BISCOE,4839,8,43.4,14.4,17.0,4600.0,female,2009.0
GENTOO,BISCOE,5446,9,51.3,14.2,218.0,5300.0,male,2009.0
GENTOO,BISCOE,6359,9,47.5,14.0,212.0,4875.0,female,2009.0
GENTOO,BISCOE,4542,13,52.1,17.0,230.0,5550.0,male,2009.0
GENTOO,BISCOE,7110,13,47.5,15.0,218.0,4950.0,female,2009.0
GENTOO,BISCOE,4150,7,52.2,17.1,228.0,5400.0,male,2009.0
GENTOO,BISCOE,5944,11,45.5,14.5,212.0,4750.0,female,2009.0
GENTOO,BISCOE,5828,13,49.5,16.1,224.0,5650.0,male,2009.0
GENTOO,BISCOE,3698,14,44.5,14.7,214.0,4850.0,female,2009.0
GENTOO,BISCOE,4856,10,50.8,15.7,226.0,5200.0,male,2009.0
GENTOO,BISCOE,4660,10,49.4,15.8,216.0,4925.0,male,2009.0
GENTOO,BISCOE,3681,10,46.9,14.6,222.0,4875.0,female,2009.0
GENTOO,BISCOE,5068,8,48.4,14.4,203.0,4625.0,female,2009.0
GENTOO,BISCOE,5698,11,51.1,16.5,225.0,5250.0,male,2009.0
GENTOO,BISCOE,5284,8,48.5,15.0,219.0,4850.0,female,2009.0
GENTOO,BISCOE,4970,7,55.9,17.0,228.0,5600.0,male,2009.0
GENTOO,BISCOE,3526,14,47.2,15.5,215.0,4975.0,female,2009.0
GENTOO,BISCOE,5551,7,49.1,15.0,228.0,5500.0,male,2009.0
GENTOO,BISCOE,4470,9,47.3,13.8,216.0,4725.0,male,2009.0
GENTOO,BISCOE,6336,7,46.8,16.1,215.0,5500.0,male,2009.0
GENTOO,BISCOE,3570,9,41.7,14.7,210.0,4700.0,female,2009.0
GENTOO,BISCOE,4854,12,53.4,15.8,219.0,5500.0,male,2009.0
GENTOO,BISCOE,3613,14,43.3,14.0,208.0,4575.0,female,2009.0
GENTOO,BISCOE,3852,13,48.1,19.0,209.0,5500.0,MALE,2009.0
GENTOO,BISCOE,6471,12,50.5,15.2,216.0,5000.0,female,2009.0
GENTOO,BISCOE,5384,14,49.8,15.9,229.0,5950.0,male,2009.0
GENTOO,BISCOE,5207,10,43.5,15.2,213.0,4650.0,female,2009.0
GENTOO,BISCOE,3705,13,51.5,16.3,230.0,5500.0,male,2009.0
GENTOO,BISCOE,3856,7,46.2,14.1,217.0,4375.0,female,2009.0
GENTOO,BISCOE,6077,7,55.1,16.0,230.0,5850.0,male,2009.0
GENTOO,BISCOE,3594,8,44.5,15.7,217.0,4875.0,male,2009.0
GENTOO,BISCOE,5000,13,48.8,16.2,222.0,6000.0,male,2009.0
GENTOO,BISCOE,6812,11,47.2,13.7,214.0,4925.0,female,2009.0
GENTOO,BISCOE,4040,13,46.0,19.0,198.0,4176.0,male,2009.0
GENTOO,BISCOE,5054,9,46.8,14.3,215.0,4850.0,female,2009.0
GENTOO,BISCOE,7142,7,50.4,15.7,222.0,5750.0,male,2009.0
GENTOO,BISCOE,4655,7,45.2,14.8,212.0,5200.0,female,2009.0
GENTOO,BISCOE,6622,10,49.9,16.1,213.0,5400.0,male,2009.0
CHINSTRAP,DREAM,4901,8,46.5,17.9,192.0,3500.0,female,2007.0
CHINSTRAP,DREAM,3931,7,50.0,19.5,196.0,3900.0,male,2007.0
CHINSTRAP,DREAM,4447,14,51.3,19.2,193.0,3650.0,male,2007.0
CHINSTRAP,DREAM,4923,14,52.7,19.8,197.0,3725.0,male,2007.0
CHINSTRAP,DREAM,3923,7,45.2,17.8,198.0,3950.0,female,2007.0
CHINSTRAP,DREAM,4825,12,46.1,18.2,178.0,3250.0,female,2007.0
CHINSTRAP,BISCOE,6791,14,51.3,18.2,198.0,882.0,male,2007.0
CHINSTRAP,DREAM,6177,8,46.0,18.9,195.0,4150.0,female,2007.0
CHINSTRAP,DREAM,4649,8,51.3,19.9,198.0,3700.0,male,2007.0
CHINSTRAP,DREAM,3941,9,46.6,17.8,193.0,3800.0,female,2007.0
CHINSTRAP,DREAM,5647,11,51.7,20.3,194.0,3775.0,male,2007.0
CHINSTRAP,DREAM,6331,11,47.0,17.3,185.0,3700.0,female,2007.0
CHINSTRAP,DREAM,5708,8,52.0,18.1,201.0,4050.0,male,2007.0
CHINSTRAP,DREAM,4424,11,45.9,17.1,190.0,3575.0,female,2007.0
CHINSTRAP,DREAM,6301,10,50.5,19.6,201.0,4050.0,male,2007.0
CHINSTRAP,DREAM,4418,11,50.3,20.0,197.0,3300.0,male,2007.0
CHINSTRAP,DREAM,3773,10,58.0,17.8,181.0,3700.0,female,2007.0
CHINSTRAP,DREAM,5105,11,46.4,18.6,190.0,3450.0,female,2007.0
CHINSTRAP,DREAM,3916,10,49.2,18.2,195.0,4400.0,male,2007.0
CHINSTRAP,DREAM,6488,12,42.4,17.3,181.0,3600.0,female,2007.0
CHINSTRAP,DREAM,4843,9,48.5,17.5,10.0,3400.0,male,2007.0
CHINSTRAP,DREAM,5208,14,43.2,16.6,187.0,2900.0,female,2007.0
CHINSTRAP,DREAM,4342,14,50.6,19.4,193.0,3800.0,male,2007.0
CHINSTRAP,DREAM,5053,9,46.7,17.9,195.0,3300.0,female,2007.0
CHINSTRAP,DREAM,3791,9,52.0,19.0,197.0,4150.0,male,2007.0
CHINSTRAP,DREAM,4002,13,50.5,18.4,200.0,3400.0,female,2008.0
CHINSTRAP,DREAM,6149,9,49.5,19.0,200.0,3800.0,male,2008.0
CHINSTRAP,DREAM,6988,7,46.4,17.8,191.0,3700.0,female,2008.0
CHINSTRAP,DREAM,4015,10,52.8,20.0,205.0,4550.0,male,2008.0
CHINSTRAP,DREAM,5249,7,40.9,16.6,187.0,3200.0,female,2008.0
CHINSTRAP,DREAM,3620,8,54.2,20.8,201.0,4300.0,male,2008.0
CHINSTRAP,DREAM,6922,11,42.5,16.7,187.0,3350.0,female,2008.0
CHINSTRAP,DREAM,5454,10,51.0,18.8,203.0,4100.0,male,2008.0
CHINSTRAP,DREAM,4315,10,49.7,18.6,195.0,3600.0,male,2008.0
CHINSTRAP,DREAM,4746,10,47.5,16.8,199.0,3900.0,female,2008.0
CHINSTRAP,DREAM,5959,14,47.6,18.3,198.0,3850.0,female,2008.0
CHINSTRAP,DREAM,4980,13,52.0,20.7,210.0,4800.0,male,2008.0
CHINSTRAP,DREAM,3816,7,46.9,16.6,192.0,2700.0,female,2008.0
CHINSTRAP,DREAM,4439,13,53.5,19.9,205.0,4500.0,male,2008.0
CHINSTRAP,DREAM,4579,9,49.0,19.5,210.0,3950.0,male,2008.0
CHINSTRAP,DREAM,6533,8,46.2,17.5,187.0,3650.0,female,2008.0
CHINSTRAP,DREAM,6385,13,50.9,19.1,196.0,3550.0,male,2008.0
ADELIE,DREAM,4669,13,45.5,19.0,196.0,908.0,female,2008.0
CHINSTRAP,DREAM,3574,14,50.9,17.9,196.0,3675.0,female,2009.0
CHINSTRAP,DREAM,7197,14,50.8,18.5,201.0,4450.0,male,2009.0
CHINSTRAP,DREAM,4261,14,49.0,19.6,212.0,4300.0,male,2009.0
CHINSTRAP,DREAM,3922,11,51.5,18.7,187.0,3250.0,male,2009.0
CHINSTRAP,DREAM,3690,10,49.8,17.3,198.0,3675.0,female,2009.0
CHINSTRAP,DREAM,5535,13,48.1,16.4,199.0,3325.0,female,2009.0
CHINSTRAP,DREAM,7008,10,51.4,19.0,201.0,3950.0,male,2009.0
CHINSTRAP,DREAM,5924,12,45.7,17.3,193.0,3600.0,female,2009.0
CHINSTRAP,DREAM,3528,12,50.7,19.7,203.0,4050.0,male,2009.0
CHINSTRAP,DREAM,4284,7,42.5,17.3,187.0,3350.0,female,2009.0
CHINSTRAP,DREAM,6280,12,52.2,18.8,197.0,3450.0,male,2009.0
CHINSTRAP,DREAM,6564,9,45.2,16.6,191.0,3250.0,female,2009.0
CHINSTRAP,DREAM,5405,8,49.3,19.9,203.0,4050.0,male,2009.0
CHINSTRAP,BISCOE,3893,7,50.2,18.8,202.0,3800.0,male,2009.0
CHINSTRAP,DREAM,6700,7,51.9,19.5,206.0,3950.0,male,2009.0
CHINSTRAP,DREAM,4037,9,46.8,16.5,189.0,3650.0,female,2009.0
CHINSTRAP,BISCOE,3796,12,46.0,17.0,195.0,3650.0,female,2009.0
CHINSTRAP,DREAM,4826,11,55.8,19.8,207.0,4000.0,male,2009.0
CHINSTRAP,DREAM,4111,9,43.5,18.1,202.0,3400.0,female,2009.0
CHINSTRAP,DREAM,7049,10,49.6,18.2,193.0,3775.0,male,2009.0
CHINSTRAP,DREAM,4705,7,50.8,19.0,210.0,4100.0,male,2009.0
CHINSTRAP,DREAM,6098,7,50.2,18.7,198.0,3775.0,female,2009.0
